class	path
org.apache.commons.fileupload2.core.ProgressListener	/home/nima/Developer/taint-benchmarks/commons-fileupload/commons-fileupload2-core/src/main/java/org/apache/commons/fileupload2/core/ProgressListener.java
org.apache.commons.fileupload2.core.FileUploadByteCountLimitException	/home/nima/Developer/taint-benchmarks/commons-fileupload/commons-fileupload2-core/src/main/java/org/apache/commons/fileupload2/core/FileUploadByteCountLimitException.java
org.apache.commons.fileupload2.core.FileUploadSizeException	/home/nima/Developer/taint-benchmarks/commons-fileupload/commons-fileupload2-core/src/main/java/org/apache/commons/fileupload2/core/FileUploadSizeException.java
org.apache.commons.fileupload2.core.FileUploadException	/home/nima/Developer/taint-benchmarks/commons-fileupload/commons-fileupload2-core/src/main/java/org/apache/commons/fileupload2/core/FileUploadException.java
org.apache.commons.fileupload2.core.FileItemHeadersImpl	/home/nima/Developer/taint-benchmarks/commons-fileupload/commons-fileupload2-core/src/main/java/org/apache/commons/fileupload2/core/FileItemHeadersImpl.java
org.apache.commons.fileupload2.core.FileItemHeaders	/home/nima/Developer/taint-benchmarks/commons-fileupload/commons-fileupload2-core/src/main/java/org/apache/commons/fileupload2/core/FileItemHeaders.java
org.apache.commons.fileupload2.core.FileItemHeadersProvider	/home/nima/Developer/taint-benchmarks/commons-fileupload/commons-fileupload2-core/src/main/java/org/apache/commons/fileupload2/core/FileItemHeadersProvider.java
org.apache.commons.fileupload2.core.FileItemInputIteratorImpl	/home/nima/Developer/taint-benchmarks/commons-fileupload/commons-fileupload2-core/src/main/java/org/apache/commons/fileupload2/core/FileItemInputIteratorImpl.java
org.apache.commons.fileupload2.core.FileItemInputIteratorImpl$1	/home/nima/Developer/taint-benchmarks/commons-fileupload/commons-fileupload2-core/src/main/java/org/apache/commons/fileupload2/core/FileItemInputIteratorImpl.java
org.apache.commons.fileupload2.core.FileItemInputIterator	/home/nima/Developer/taint-benchmarks/commons-fileupload/commons-fileupload2-core/src/main/java/org/apache/commons/fileupload2/core/FileItemInputIterator.java
org.apache.commons.fileupload2.core.FileItemInput	/home/nima/Developer/taint-benchmarks/commons-fileupload/commons-fileupload2-core/src/main/java/org/apache/commons/fileupload2/core/FileItemInput.java
org.apache.commons.fileupload2.core.FileItemInput$ItemSkippedException	/home/nima/Developer/taint-benchmarks/commons-fileupload/commons-fileupload2-core/src/main/java/org/apache/commons/fileupload2/core/FileItemInput.java
org.apache.commons.fileupload2.core.FileItemFactory	/home/nima/Developer/taint-benchmarks/commons-fileupload/commons-fileupload2-core/src/main/java/org/apache/commons/fileupload2/core/FileItemFactory.java
org.apache.commons.fileupload2.core.FileItemFactory$AbstractFileItemBuilder	/home/nima/Developer/taint-benchmarks/commons-fileupload/commons-fileupload2-core/src/main/java/org/apache/commons/fileupload2/core/FileItemFactory.java
org.apache.commons.fileupload2.core.AbstractFileUpload	/home/nima/Developer/taint-benchmarks/commons-fileupload/commons-fileupload2-core/src/main/java/org/apache/commons/fileupload2/core/AbstractFileUpload.java
org.apache.commons.fileupload2.core.FileItem	/home/nima/Developer/taint-benchmarks/commons-fileupload/commons-fileupload2-core/src/main/java/org/apache/commons/fileupload2/core/FileItem.java
org.apache.commons.fileupload2.core.RequestContext	/home/nima/Developer/taint-benchmarks/commons-fileupload/commons-fileupload2-core/src/main/java/org/apache/commons/fileupload2/core/RequestContext.java
org.apache.commons.fileupload2.core.MultipartInput	/home/nima/Developer/taint-benchmarks/commons-fileupload/commons-fileupload2-core/src/main/java/org/apache/commons/fileupload2/core/MultipartInput.java
org.apache.commons.fileupload2.core.MultipartInput$Builder	/home/nima/Developer/taint-benchmarks/commons-fileupload/commons-fileupload2-core/src/main/java/org/apache/commons/fileupload2/core/MultipartInput.java
org.apache.commons.fileupload2.core.MultipartInput$FileUploadBoundaryException	/home/nima/Developer/taint-benchmarks/commons-fileupload/commons-fileupload2-core/src/main/java/org/apache/commons/fileupload2/core/MultipartInput.java
org.apache.commons.fileupload2.core.MultipartInput$ItemInputStream	/home/nima/Developer/taint-benchmarks/commons-fileupload/commons-fileupload2-core/src/main/java/org/apache/commons/fileupload2/core/MultipartInput.java
org.apache.commons.fileupload2.core.MultipartInput$MalformedStreamException	/home/nima/Developer/taint-benchmarks/commons-fileupload/commons-fileupload2-core/src/main/java/org/apache/commons/fileupload2/core/MultipartInput.java
org.apache.commons.fileupload2.core.MultipartInput$ProgressNotifier	/home/nima/Developer/taint-benchmarks/commons-fileupload/commons-fileupload2-core/src/main/java/org/apache/commons/fileupload2/core/MultipartInput.java
org.apache.commons.fileupload2.core.FileItemInputImpl	/home/nima/Developer/taint-benchmarks/commons-fileupload/commons-fileupload2-core/src/main/java/org/apache/commons/fileupload2/core/FileItemInputImpl.java
org.apache.commons.fileupload2.core.FileItemInputImpl$1	/home/nima/Developer/taint-benchmarks/commons-fileupload/commons-fileupload2-core/src/main/java/org/apache/commons/fileupload2/core/FileItemInputImpl.java
org.apache.commons.fileupload2.core.FileUploadFileCountLimitException	/home/nima/Developer/taint-benchmarks/commons-fileupload/commons-fileupload2-core/src/main/java/org/apache/commons/fileupload2/core/FileUploadFileCountLimitException.java
org.apache.commons.fileupload2.core.QuotedPrintableDecoder	/home/nima/Developer/taint-benchmarks/commons-fileupload/commons-fileupload2-core/src/main/java/org/apache/commons/fileupload2/core/QuotedPrintableDecoder.java
org.apache.commons.fileupload2.core.AbstractRequestContext	/home/nima/Developer/taint-benchmarks/commons-fileupload/commons-fileupload2-core/src/main/java/org/apache/commons/fileupload2/core/AbstractRequestContext.java
org.apache.commons.fileupload2.core.DiskFileItemFactory	/home/nima/Developer/taint-benchmarks/commons-fileupload/commons-fileupload2-core/src/main/java/org/apache/commons/fileupload2/core/DiskFileItemFactory.java
org.apache.commons.fileupload2.core.DiskFileItemFactory$Builder	/home/nima/Developer/taint-benchmarks/commons-fileupload/commons-fileupload2-core/src/main/java/org/apache/commons/fileupload2/core/DiskFileItemFactory.java
org.apache.commons.fileupload2.core.DiskFileItem	/home/nima/Developer/taint-benchmarks/commons-fileupload/commons-fileupload2-core/src/main/java/org/apache/commons/fileupload2/core/DiskFileItem.java
org.apache.commons.fileupload2.core.DiskFileItem$Builder	/home/nima/Developer/taint-benchmarks/commons-fileupload/commons-fileupload2-core/src/main/java/org/apache/commons/fileupload2/core/DiskFileItem.java
org.apache.commons.fileupload2.core.FileUploadContentTypeException	/home/nima/Developer/taint-benchmarks/commons-fileupload/commons-fileupload2-core/src/main/java/org/apache/commons/fileupload2/core/FileUploadContentTypeException.java
org.apache.commons.fileupload2.core.MimeUtils	/home/nima/Developer/taint-benchmarks/commons-fileupload/commons-fileupload2-core/src/main/java/org/apache/commons/fileupload2/core/MimeUtils.java
org.apache.commons.fileupload2.core.RFC2231Utils	/home/nima/Developer/taint-benchmarks/commons-fileupload/commons-fileupload2-core/src/main/java/org/apache/commons/fileupload2/core/RFC2231Utils.java
org.apache.commons.fileupload2.core.ParameterParser	/home/nima/Developer/taint-benchmarks/commons-fileupload/commons-fileupload2-core/src/main/java/org/apache/commons/fileupload2/core/ParameterParser.java
